[{"line":2,"elements":[{"start_timestamp":"2024-06-24T14:47:32.113Z","line":5,"name":"Validate login functionality","description":"","id":"test-the-orange-hrm-application;validate-login-functionality","type":"scenario","keyword":"Scenario","steps":[{"result":{"duration":3391400900,"status":"passed"},"line":6,"name":"user is on login page","match":{"location":"StepDefinition.OrangeHRMSteps.user_is_on_login_page()"},"keyword":"Given "},{"result":{"duration":7788443000,"status":"passed"},"line":7,"name":"user enter username and password","match":{"location":"StepDefinition.OrangeHRMSteps.user_enter_username_and_password()"},"keyword":"When "},{"result":{"duration":1990559500,"status":"passed"},"line":8,"name":"user click on login button","match":{"location":"StepDefinition.OrangeHRMSteps.user_click_on_login_button()"},"keyword":"Then "}],"tags":[{"name":"@EndToEndTesting"},{"name":"@LoginPage"},{"name":"@RegressionTesting"}]},{"start_timestamp":"2024-06-24T14:47:45.372Z","line":11,"name":"validate Home Page Functionality","description":"","id":"test-the-orange-hrm-application;validate-home-page-functionality","type":"scenario","keyword":"Scenario","steps":[{"result":{"duration":46576000,"status":"passed"},"line":12,"name":"user is on home page and validate home page title","match":{"location":"StepDefinition.OrangeHRMSteps.user_is_on_home_page_and_validate_home_page_title()"},"keyword":"When "},{"result":{"duration":31231400,"status":"passed"},"line":13,"name":"user validate home page url","match":{"location":"StepDefinition.OrangeHRMSteps.user_validate_home_page_url()"},"keyword":"And "},{"result":{"duration":260540900,"status":"passed"},"line":14,"name":"user validate home page logo","match":{"location":"StepDefinition.OrangeHRMSteps.user_validate_home_page_logo()"},"keyword":"And "}],"tags":[{"name":"@EndToEndTesting"},{"name":"@HomePage"},{"name":"@SanityTesting"}]},{"start_timestamp":"2024-06-24T14:47:45.740Z","line":17,"name":"validate pim page functionality","description":"","id":"test-the-orange-hrm-application;validate-pim-page-functionality","type":"scenario","keyword":"Scenario","steps":[{"result":{"duration":1539233700,"status":"passed"},"line":18,"name":"user is on pim page and verify the url","match":{"location":"StepDefinition.OrangeHRMSteps.user_is_on_pim_page_and_verify_the_url()"},"keyword":"Given "},{"result":{"duration":1552174200,"status":"passed"},"line":19,"name":"user click on add employee","match":{"location":"StepDefinition.OrangeHRMSteps.user_click_on_add_employee()"},"keyword":"When "},{"result":{"duration":1234697100,"status":"passed"},"line":20,"name":"user enter first name, middle name and last name","match":{"location":"StepDefinition.OrangeHRMSteps.user_enter_first_name_middle_name_and_last_name()"},"keyword":"And "},{"result":{"duration":134867300,"status":"passed"},"line":21,"name":"user click on save button","match":{"location":"StepDefinition.OrangeHRMSteps.user_click_on_save_button()"},"keyword":"And "}],"tags":[{"name":"@EndToEndTesting"},{"name":"@PIMPage"},{"name":"@SystemTesting"}]}],"name":"Test the Orange HRM application","description":"","id":"test-the-orange-hrm-application","keyword":"Feature","uri":"file:src/test/java/Features/orange.feature","tags":[{"name":"@EndToEndTesting","type":"Tag","location":{"line":1,"column":1}}]}]