[{"line":1,"elements":[{"start_timestamp":"2024-06-24T15:55:26.627Z","line":3,"name":"validate login functionality","description":"","id":"test-congmento-application;validate-login-functionality","type":"scenario","keyword":"Scenario","steps":[{"result":{"duration":21126864200,"status":"passed"},"line":4,"name":"user is on login page","match":{"location":"StepDefinition.CogmentoTestSteps.user_is_on_login_page()"},"keyword":"Given "},{"result":{"duration":372141300,"status":"passed"},"line":5,"name":"user enter valid username and password","match":{"location":"StepDefinition.CogmentoTestSteps.user_enter_valid_username_and_password()"},"keyword":"When "},{"result":{"duration":93934400,"status":"passed"},"line":6,"name":"user click on login button","match":{"location":"StepDefinition.CogmentoTestSteps.user_click_on_login_button()"},"keyword":"Then "}]},{"start_timestamp":"2024-06-24T15:55:48.300Z","line":8,"name":"validate home page functionality","description":"","id":"test-congmento-application;validate-home-page-functionality","type":"scenario","keyword":"Scenario","steps":[{"result":{"duration":34466300,"status":"passed"},"line":9,"name":"user validte home page title","match":{"location":"StepDefinition.CogmentoTestSteps.user_validte_home_page_title()"},"keyword":"Then "},{"result":{"duration":2626660100,"status":"passed"},"line":10,"name":"user validate home page logo","match":{"location":"StepDefinition.CogmentoTestSteps.user_validate_home_page_logo()"},"keyword":"And "},{"result":{"duration":10073700,"status":"passed"},"line":11,"name":"user validate home page url","match":{"location":"StepDefinition.CogmentoTestSteps.user_validate_home_page_url()"},"keyword":"And "}]},{"start_timestamp":"2024-06-24T15:55:50.981Z","line":13,"name":"validate contact page","description":"","id":"test-congmento-application;validate-contact-page","type":"scenario","keyword":"Scenario","steps":[{"result":{"duration":419081600,"status":"passed"},"line":14,"name":"user click on contact link","match":{"location":"StepDefinition.CogmentoTestSteps.user_click_on_contact_link()"},"keyword":"When "},{"result":{"duration":168919500,"status":"passed"},"line":15,"name":"click on create button","match":{"location":"StepDefinition.CogmentoTestSteps.click_on_create_button()"},"keyword":"And "},{"result":{"duration":2606589600,"status":"passed"},"line":16,"name":"user enters firstname, lastname, email and select status","match":{"location":"StepDefinition.CogmentoTestSteps.user_enters_firstname_lastname_email_and_select_status()"},"keyword":"Then "},{"result":{"duration":176332100,"status":"passed"},"line":17,"name":"user click on save button","match":{"location":"StepDefinition.CogmentoTestSteps.user_click_on_save_button()"},"keyword":"And "},{"result":{"duration":1815491800,"status":"passed"},"line":18,"name":"user delete the contact","match":{"location":"StepDefinition.CogmentoTestSteps.user_delete_the_contact()"},"keyword":"Then "}]},{"start_timestamp":"2024-06-24T15:55:56.179Z","line":20,"name":"validate logout functionality","description":"","id":"test-congmento-application;validate-logout-functionality","type":"scenario","keyword":"Scenario","steps":[{"result":{"duration":68992300,"status":"passed"},"line":21,"name":"user click on profile icon","match":{"location":"StepDefinition.CogmentoTestSteps.user_click_on_profile_icon()"},"keyword":"Then "},{"result":{"duration":81543300,"status":"passed"},"line":22,"name":"user click on logout","match":{"location":"StepDefinition.CogmentoTestSteps.user_click_on_logout()"},"keyword":"And "}]}],"name":"Test congmento application","description":"","id":"test-congmento-application","keyword":"Feature","uri":"file:src/test/java/Features/cogmento.feature","tags":[]}]